log_id,session_id,event_type,filename,status,pan,employee_name,financial_year,part_type,error_detail,timestamp
5DAEB475,276B5B5125604F57,UPLOAD_START,,started,,,,,,2026-06-19T06:32:13.747515
21080008,276B5B5125604F57,DECRYPT_FAIL,EMP01_PartA.pdf,corrupted,,,,,Cannot read PDF: Stream has ended unexpectedly,2026-06-19T06:33:00.711949
E2262C04,276B5B5125604F57,DECRYPT_FAIL,EMP01_PartB.pdf,corrupted,,,,,Cannot read PDF: Stream has ended unexpectedly,2026-06-19T06:33:00.886666
85EDBD19,276B5B5125604F57,DECRYPT_FAIL,EMP02_PartA.pdf,corrupted,,,,,Cannot read PDF: Stream has ended unexpectedly,2026-06-19T06:33:00.914537
E98F368F,276B5B5125604F57,DECRYPT_FAIL,EMP02_PartB.pdf,corrupted,,,,,Cannot read PDF: Stream has ended unexpectedly,2026-06-19T06:33:00.941151
2C388290,276B5B5125604F57,DECRYPT_FAIL,EMP03_PartA.pdf,corrupted,,,,,Cannot read PDF: Stream has ended unexpectedly,2026-06-19T06:33:00.972956
356F2C44,276B5B5125604F57,DECRYPT_FAIL,EMP03_PartB.pdf,corrupted,,,,,Cannot read PDF: Stream has ended unexpectedly,2026-06-19T06:33:01.002806
01C1E7FA,276B5B5125604F57,DECRYPT_FAIL,EMP04_PartA.pdf,corrupted,,,,,Cannot read PDF: Stream has ended unexpectedly,2026-06-19T06:33:01.027769
2987945B,276B5B5125604F57,DECRYPT_FAIL,EMP04_PartB.pdf,corrupted,,,,,Cannot read PDF: Stream has ended unexpectedly,2026-06-19T06:33:01.053153
E9B955F5,276B5B5125604F57,DECRYPT_FAIL,EMP05_PartA.pdf,corrupted,,,,,Cannot read PDF: Stream has ended unexpectedly,2026-06-19T06:33:01.078417
3F512B10,276B5B5125604F57,DECRYPT_FAIL,EMP05_PartB.pdf,corrupted,,,,,Cannot read PDF: Stream has ended unexpectedly,2026-06-19T06:33:01.103578
8F268948,276B5B5125604F57,DECRYPT_FAIL,EMP06_PartA.pdf,corrupted,,,,,Cannot read PDF: Stream has ended unexpectedly,2026-06-19T06:33:01.129793
1812EF3A,276B5B5125604F57,DECRYPT_FAIL,EMP07_PartB.pdf,corrupted,,,,,Cannot read PDF: Stream has ended unexpectedly,2026-06-19T06:33:01.155817
786D6276,276B5B5125604F57,DECRYPT_FAIL,EMP08_PartA.pdf,corrupted,,,,,Cannot read PDF: Stream has ended unexpectedly,2026-06-19T06:33:01.181685
67C56798,276B5B5125604F57,DECRYPT_FAIL,EMP08_PartB.pdf,corrupted,,,,,Cannot read PDF: Stream has ended unexpectedly,2026-06-19T06:33:01.208776
C3DAEEA3,276B5B5125604F57,UPLOAD_COMPLETE,,done,,,,,"total=14, decrypted=0, failed=14, extraction_errors=0",2026-06-19T06:33:01.238101
9EF5694C,4364ECA730AD4915,UPLOAD_START,,started,,,,,,2026-06-19T09:08:29.204352
CB49FE16,4364ECA730AD4915,EXTRACT_SUCCESS,EMP01_PartA.pdf,ok,ABCDE1234F,Aarav Sharma,2025-26,A,,2026-06-19T09:08:51.916631
D63069E4,4364ECA730AD4915,EXTRACT_SUCCESS,EMP01_PartB.pdf,ok,ABCDE1234F,Aarav Sharma,2025-26,B,,2026-06-19T09:08:52.011174
21E4FBFB,4364ECA730AD4915,EXTRACT_SUCCESS,EMP02_PartA.pdf,ok,FGHIJ5678K,Priya Patel,2025-26,A,,2026-06-19T09:08:52.128792
1D1D9931,4364ECA730AD4915,EXTRACT_SUCCESS,EMP02_PartB.pdf,ok,FGHIJ5678K,Priya Patel,2025-26,B,,2026-06-19T09:08:52.296494
D89B953D,4364ECA730AD4915,EXTRACT_SUCCESS,EMP03_PartA.pdf,ok,KLMNO9012P,Amit Verma,2025-26,A,,2026-06-19T09:08:52.412342
CD684EC2,4364ECA730AD4915,EXTRACT_SUCCESS,EMP03_PartB.pdf,ok,KLMNO9012P,Amit Verma,2025-26,B,,2026-06-19T09:08:52.495655
4F280A4B,4364ECA730AD4915,EXTRACT_SUCCESS,EMP04_PartA.pdf,ok,QRSTU3456V,Sneha Reddy,2025-26,A,,2026-06-19T09:08:52.605863
9FB255C1,4364ECA730AD4915,EXTRACT_SUCCESS,EMP04_PartB.pdf,ok,QRSTU3456V,Sneha Reddy,2025-26,B,,2026-06-19T09:08:52.848084
5F7443EA,4364ECA730AD4915,EXTRACT_SUCCESS,EMP05_PartA.pdf,ok,WXYZA7890B,Vikram Malhotra,2025-26,A,,2026-06-19T09:08:52.929372
9BB7B4FE,4364ECA730AD4915,EXTRACT_SUCCESS,EMP05_PartB.pdf,ok,WXYZA7890B,Vikram Malhotra,2025-26,B,,2026-06-19T09:08:53.043565
7585B79A,4364ECA730AD4915,EXTRACT_SUCCESS,EMP06_PartA.pdf,ok,BCDEF1122G,Rohan Gupta,2025-26,A,,2026-06-19T09:08:53.169973
81AFFDC6,4364ECA730AD4915,EXTRACT_SUCCESS,EMP07_PartB.pdf,ok,CDEFG3344H,Ananya Rao,2025-26,B,,2026-06-19T09:08:53.268408
9362DC18,4364ECA730AD4915,DECRYPT_FAIL,EMP08_PartA.pdf,wrong_password,,,,,TAN did not match PDF password.,2026-06-19T09:08:53.335310
520DB442,4364ECA730AD4915,DECRYPT_FAIL,EMP08_PartB.pdf,wrong_password,,,,,TAN did not match PDF password.,2026-06-19T09:08:53.396032
87A895F2,4364ECA730AD4915,UPLOAD_COMPLETE,,done,,,,,"total=14, decrypted=12, failed=2, extraction_errors=0",2026-06-19T09:08:53.426299
51DB2206,4364ECA730AD4915,MERGE_START,,started,,,,,ready_records=5,2026-06-19T09:09:35.062395
8FEA8C54,4364ECA730AD4915,MERGE_SUCCESS,ABCDE1234F_Form16.pdf,merged,ABCDE1234F,Aarav Sharma,2025-26,,pages=2,2026-06-19T09:09:35.222502
0665DF4F,4364ECA730AD4915,MERGE_SUCCESS,FGHIJ5678K_Form16.pdf,merged,FGHIJ5678K,Priya Patel,2025-26,,pages=2,2026-06-19T09:09:35.256782
48091E23,4364ECA730AD4915,MERGE_SUCCESS,KLMNO9012P_Form16.pdf,merged,KLMNO9012P,Amit Verma,2025-26,,pages=2,2026-06-19T09:09:35.296380
B4ACE495,4364ECA730AD4915,MERGE_SUCCESS,QRSTU3456V_Form16.pdf,merged,QRSTU3456V,Sneha Reddy,2025-26,,pages=2,2026-06-19T09:09:35.332313
98D0EFCC,4364ECA730AD4915,MERGE_SUCCESS,WXYZA7890B_Form16.pdf,merged,WXYZA7890B,Vikram Malhotra,2025-26,,pages=2,2026-06-19T09:09:35.420466
FBB4303A,4364ECA730AD4915,MERGE_COMPLETE,,done,,,,,"ready=5, merged=5, failed=0, skipped=2",2026-06-19T09:09:35.450052
F0B450DE,4364ECA730AD4915,MERGE_START,,started,,,,,ready_records=5,2026-06-19T09:18:04.046065
0EFC5469,4364ECA730AD4915,MERGE_SUCCESS,ABCDE1234F_Form16_1.pdf,merged,ABCDE1234F,Aarav Sharma,2025-26,,pages=2,2026-06-19T09:18:04.094711
838C9435,4364ECA730AD4915,MERGE_SUCCESS,FGHIJ5678K_Form16_1.pdf,merged,FGHIJ5678K,Priya Patel,2025-26,,pages=2,2026-06-19T09:18:04.132165
2974116E,4364ECA730AD4915,MERGE_SUCCESS,KLMNO9012P_Form16_1.pdf,merged,KLMNO9012P,Amit Verma,2025-26,,pages=2,2026-06-19T09:18:04.177923
8A0FCE88,4364ECA730AD4915,MERGE_SUCCESS,QRSTU3456V_Form16_1.pdf,merged,QRSTU3456V,Sneha Reddy,2025-26,,pages=2,2026-06-19T09:18:04.220076
3956FFCA,4364ECA730AD4915,MERGE_SUCCESS,WXYZA7890B_Form16_1.pdf,merged,WXYZA7890B,Vikram Malhotra,2025-26,,pages=2,2026-06-19T09:18:04.263012
C9A99430,4364ECA730AD4915,MERGE_COMPLETE,,done,,,,,"ready=5, merged=5, failed=0, skipped=2",2026-06-19T09:18:04.304587
90CDB023,FCED85A28D574AD5,UPLOAD_START,,started,,,,,,2026-06-21T10:39:50.725379
8A9317EC,FCED85A28D574AD5,EXTRACT_SUCCESS,EMP01_PartA.pdf,ok,ABCDE1234F,Aarav Sharma,2025-26,A,,2026-06-21T10:40:22.354447
92F45432,FCED85A28D574AD5,EXTRACT_SUCCESS,EMP01_PartB.pdf,ok,ABCDE1234F,Aarav Sharma,2025-26,B,,2026-06-21T10:40:22.760253
7447A902,FCED85A28D574AD5,EXTRACT_SUCCESS,EMP02_PartA.pdf,ok,FGHIJ5678K,Priya Patel,2025-26,A,,2026-06-21T10:40:23.144533
F0F0DBA9,FCED85A28D574AD5,EXTRACT_SUCCESS,EMP02_PartB.pdf,ok,FGHIJ5678K,Priya Patel,2025-26,B,,2026-06-21T10:40:23.421488
1053741C,FCED85A28D574AD5,EXTRACT_SUCCESS,EMP03_PartA.pdf,ok,KLMNO9012P,Amit Verma,2025-26,A,,2026-06-21T10:40:23.666851
E5DB4C6A,FCED85A28D574AD5,EXTRACT_SUCCESS,EMP03_PartB.pdf,ok,KLMNO9012P,Amit Verma,2025-26,B,,2026-06-21T10:40:23.990208
39A62711,FCED85A28D574AD5,EXTRACT_SUCCESS,EMP04_PartA.pdf,ok,QRSTU3456V,Sneha Reddy,2025-26,A,,2026-06-21T10:40:24.382020
BC2BF143,FCED85A28D574AD5,EXTRACT_SUCCESS,EMP04_PartB.pdf,ok,QRSTU3456V,Sneha Reddy,2025-26,B,,2026-06-21T10:40:24.621296
AE697430,FCED85A28D574AD5,EXTRACT_SUCCESS,EMP05_PartA.pdf,ok,WXYZA7890B,Vikram Malhotra,2025-26,A,,2026-06-21T10:40:25.011928
74BD1339,FCED85A28D574AD5,EXTRACT_SUCCESS,EMP05_PartB.pdf,ok,WXYZA7890B,Vikram Malhotra,2025-26,B,,2026-06-21T10:40:25.171799
2BDB9410,FCED85A28D574AD5,EXTRACT_SUCCESS,EMP06_PartA.pdf,ok,BCDEF1122G,Rohan Gupta,2025-26,A,,2026-06-21T10:40:25.519997
BF90BF2D,FCED85A28D574AD5,EXTRACT_SUCCESS,EMP07_PartB.pdf,ok,CDEFG3344H,Ananya Rao,2025-26,B,,2026-06-21T10:40:25.902242
FAA2FC28,FCED85A28D574AD5,DECRYPT_FAIL,EMP08_PartA.pdf,wrong_password,,,,,TAN did not match PDF password.,2026-06-21T10:40:26.138531
0DAA35E9,FCED85A28D574AD5,DECRYPT_FAIL,EMP08_PartB.pdf,wrong_password,,,,,TAN did not match PDF password.,2026-06-21T10:40:26.428810
DDC46796,FCED85A28D574AD5,UPLOAD_COMPLETE,,done,,,,,"total=14, decrypted=12, failed=2, extraction_errors=0",2026-06-21T10:40:26.502789
73BAF496,FCED85A28D574AD5,MERGE_START,,started,,,,,ready_records=5,2026-06-21T10:41:08.508256
3963FD08,FCED85A28D574AD5,MERGE_SUCCESS,ABCDE1234F_Form16.pdf,merged,ABCDE1234F,Aarav Sharma,2025-26,,pages=2,2026-06-21T10:41:12.658846
A9D80CF4,FCED85A28D574AD5,MERGE_SUCCESS,FGHIJ5678K_Form16.pdf,merged,FGHIJ5678K,Priya Patel,2025-26,,pages=2,2026-06-21T10:41:12.730428
C8F1CA9D,FCED85A28D574AD5,MERGE_SUCCESS,KLMNO9012P_Form16.pdf,merged,KLMNO9012P,Amit Verma,2025-26,,pages=2,2026-06-21T10:41:12.771071
A1801502,FCED85A28D574AD5,MERGE_SUCCESS,QRSTU3456V_Form16.pdf,merged,QRSTU3456V,Sneha Reddy,2025-26,,pages=2,2026-06-21T10:41:12.821888
97A110A1,FCED85A28D574AD5,MERGE_SUCCESS,WXYZA7890B_Form16.pdf,merged,WXYZA7890B,Vikram Malhotra,2025-26,,pages=2,2026-06-21T10:41:12.871853
264A1523,FCED85A28D574AD5,MERGE_COMPLETE,,done,,,,,"ready=5, merged=5, failed=0, skipped=2",2026-06-21T10:41:12.955835
AC415A1E,208F027EAE6E46BF,UPLOAD_START,,started,,,,,,2026-06-21T14:04:04.851593
28ECEC49,208F027EAE6E46BF,EXTRACT_SUCCESS,EMP01_PartA.pdf,ok,ABCDE1234F,Aarav Sharma,2025-26,A,,2026-06-21T14:04:44.796853
B873A48F,208F027EAE6E46BF,EXTRACT_SUCCESS,EMP01_PartB.pdf,ok,ABCDE1234F,Aarav Sharma,2025-26,B,,2026-06-21T14:04:45.090689
8FAD55D3,208F027EAE6E46BF,EXTRACT_SUCCESS,EMP02_PartA.pdf,ok,FGHIJ5678K,Priya Patel,2025-26,A,,2026-06-21T14:04:45.658755
9F29A7CA,208F027EAE6E46BF,EXTRACT_SUCCESS,EMP02_PartB.pdf,ok,FGHIJ5678K,Priya Patel,2025-26,B,,2026-06-21T14:04:46.076658
C5A65E55,208F027EAE6E46BF,EXTRACT_SUCCESS,EMP03_PartA.pdf,ok,KLMNO9012P,Amit Verma,2025-26,A,,2026-06-21T14:04:46.184859
93040D2D,208F027EAE6E46BF,EXTRACT_SUCCESS,EMP03_PartB.pdf,ok,KLMNO9012P,Amit Verma,2025-26,B,,2026-06-21T14:04:46.329587
21CCB3E3,208F027EAE6E46BF,EXTRACT_SUCCESS,EMP04_PartA.pdf,ok,QRSTU3456V,Sneha Reddy,2025-26,A,,2026-06-21T14:04:46.530787
8C84DFA1,208F027EAE6E46BF,EXTRACT_SUCCESS,EMP04_PartB.pdf,ok,QRSTU3456V,Sneha Reddy,2025-26,B,,2026-06-21T14:04:46.731023
6965CC1B,208F027EAE6E46BF,EXTRACT_SUCCESS,EMP05_PartA.pdf,ok,WXYZA7890B,Vikram Malhotra,2025-26,A,,2026-06-21T14:04:46.897440
A61747BE,208F027EAE6E46BF,EXTRACT_SUCCESS,EMP05_PartB.pdf,ok,WXYZA7890B,Vikram Malhotra,2025-26,B,,2026-06-21T14:04:47.209371
50844121,208F027EAE6E46BF,EXTRACT_SUCCESS,EMP06_PartA.pdf,ok,BCDEF1122G,Rohan Gupta,2025-26,A,,2026-06-21T14:04:47.419879
3881D4F9,208F027EAE6E46BF,EXTRACT_SUCCESS,EMP07_PartB.pdf,ok,CDEFG3344H,Ananya Rao,2025-26,B,,2026-06-21T14:04:47.727506
30A91511,208F027EAE6E46BF,DECRYPT_FAIL,EMP08_PartA.pdf,wrong_password,,,,,TAN did not match PDF password.,2026-06-21T14:04:47.942527
0C9F6725,208F027EAE6E46BF,DECRYPT_FAIL,EMP08_PartB.pdf,wrong_password,,,,,TAN did not match PDF password.,2026-06-21T14:04:48.140702
E749BCFF,208F027EAE6E46BF,UPLOAD_COMPLETE,,done,,,,,"total=14, decrypted=12, failed=2, extraction_errors=0",2026-06-21T14:04:48.722230
8FC54529,208F027EAE6E46BF,MERGE_START,,started,,,,,ready_records=5,2026-06-21T14:05:01.667137
D5D71986,208F027EAE6E46BF,MERGE_SUCCESS,ABCDE1234F_Form16.pdf,merged,ABCDE1234F,Aarav Sharma,2025-26,,pages=2,2026-06-21T14:05:01.762835
57302613,208F027EAE6E46BF,MERGE_SUCCESS,FGHIJ5678K_Form16.pdf,merged,FGHIJ5678K,Priya Patel,2025-26,,pages=2,2026-06-21T14:05:02.103197
99BE1445,208F027EAE6E46BF,MERGE_SUCCESS,KLMNO9012P_Form16.pdf,merged,KLMNO9012P,Amit Verma,2025-26,,pages=2,2026-06-21T14:05:02.364681
D81EE39E,208F027EAE6E46BF,MERGE_SUCCESS,QRSTU3456V_Form16.pdf,merged,QRSTU3456V,Sneha Reddy,2025-26,,pages=2,2026-06-21T14:05:02.481864
B68726BE,208F027EAE6E46BF,MERGE_SUCCESS,WXYZA7890B_Form16.pdf,merged,WXYZA7890B,Vikram Malhotra,2025-26,,pages=2,2026-06-21T14:05:02.565428
3482ECB3,208F027EAE6E46BF,MERGE_COMPLETE,,done,,,,,"ready=5, merged=5, failed=0, skipped=2",2026-06-21T14:05:02.676010
96C5B13C,3B041320B1924BBE,UPLOAD_START,,started,,,,,,2026-06-21T14:41:57.058150
EFC2612A,3B041320B1924BBE,EXTRACT_SUCCESS,EMP01_PartA.pdf,ok,ABCDE1234F,Aarav Sharma,2025-26,A,,2026-06-21T14:42:07.467350
90DA048A,3B041320B1924BBE,EXTRACT_SUCCESS,EMP01_PartB.pdf,ok,ABCDE1234F,Aarav Sharma,2025-26,B,,2026-06-21T14:42:07.556183
86F35642,3B041320B1924BBE,EXTRACT_SUCCESS,EMP02_PartA.pdf,ok,FGHIJ5678K,Priya Patel,2025-26,A,,2026-06-21T14:42:07.695417
65A187B5,3B041320B1924BBE,EXTRACT_SUCCESS,EMP02_PartB.pdf,ok,FGHIJ5678K,Priya Patel,2025-26,B,,2026-06-21T14:42:07.761667
D089ED5E,3B041320B1924BBE,EXTRACT_SUCCESS,EMP03_PartA.pdf,ok,KLMNO9012P,Amit Verma,2025-26,A,,2026-06-21T14:42:07.835032
115AA3F4,3B041320B1924BBE,EXTRACT_SUCCESS,EMP03_PartB.pdf,ok,KLMNO9012P,Amit Verma,2025-26,B,,2026-06-21T14:42:07.995848
1F92BECC,3B041320B1924BBE,EXTRACT_SUCCESS,EMP04_PartA.pdf,ok,QRSTU3456V,Sneha Reddy,2025-26,A,,2026-06-21T14:42:08.062509
A599B31E,3B041320B1924BBE,EXTRACT_SUCCESS,EMP04_PartB.pdf,ok,QRSTU3456V,Sneha Reddy,2025-26,B,,2026-06-21T14:42:08.129403
B5861E27,3B041320B1924BBE,EXTRACT_SUCCESS,EMP05_PartA.pdf,ok,WXYZA7890B,Vikram Malhotra,2025-26,A,,2026-06-21T14:42:08.196770
A4C53E62,3B041320B1924BBE,EXTRACT_SUCCESS,EMP05_PartB.pdf,ok,WXYZA7890B,Vikram Malhotra,2025-26,B,,2026-06-21T14:42:08.267920
9124A40C,3B041320B1924BBE,EXTRACT_SUCCESS,EMP06_PartA.pdf,ok,BCDEF1122G,Rohan Gupta,2025-26,A,,2026-06-21T14:42:08.336493
671E62BC,3B041320B1924BBE,EXTRACT_SUCCESS,EMP07_PartB.pdf,ok,CDEFG3344H,Ananya Rao,2025-26,B,,2026-06-21T14:42:08.466326
C65733CD,3B041320B1924BBE,DECRYPT_FAIL,EMP08_PartA.pdf,wrong_password,,,,,TAN did not match PDF password.,2026-06-21T14:42:08.525721
495F0190,3B041320B1924BBE,DECRYPT_FAIL,EMP08_PartB.pdf,wrong_password,,,,,TAN did not match PDF password.,2026-06-21T14:42:08.625959
0FDEC7D2,3B041320B1924BBE,UPLOAD_COMPLETE,,done,,,,,"total=14, decrypted=12, failed=2, extraction_errors=0",2026-06-21T14:42:08.659113
E884AEB2,3B041320B1924BBE,MERGE_START,,started,,,,,ready_records=5,2026-06-21T14:42:34.516293
B343CAF3,3B041320B1924BBE,MERGE_SUCCESS,ABCDE1234F_Form16.pdf,merged,ABCDE1234F,Aarav Sharma,2025-26,,pages=2,2026-06-21T14:42:34.581042
380A9699,3B041320B1924BBE,MERGE_SUCCESS,FGHIJ5678K_Form16.pdf,merged,FGHIJ5678K,Priya Patel,2025-26,,pages=2,2026-06-21T14:42:34.882167
C118470F,3B041320B1924BBE,MERGE_SUCCESS,KLMNO9012P_Form16.pdf,merged,KLMNO9012P,Amit Verma,2025-26,,pages=2,2026-06-21T14:42:34.924614
498D1AFE,3B041320B1924BBE,MERGE_SUCCESS,QRSTU3456V_Form16.pdf,merged,QRSTU3456V,Sneha Reddy,2025-26,,pages=2,2026-06-21T14:42:35.016338
342F394C,3B041320B1924BBE,MERGE_SUCCESS,WXYZA7890B_Form16.pdf,merged,WXYZA7890B,Vikram Malhotra,2025-26,,pages=2,2026-06-21T14:42:35.058066
5D30595A,3B041320B1924BBE,MERGE_COMPLETE,,done,,,,,"ready=5, merged=5, failed=0, skipped=2",2026-06-21T14:42:35.151427
F485EC8D,C07C32F650EE497B,UPLOAD_START,,started,,,,,,2026-06-22T05:17:54.828903
B3C0A1CB,C07C32F650EE497B,EXTRACT_SUCCESS,EMP01_PartA.pdf,ok,ABCDE1234F,Aarav Sharma,2025-26,A,,2026-06-22T05:19:35.940760
B924E394,C07C32F650EE497B,EXTRACT_SUCCESS,EMP01_PartB.pdf,ok,ABCDE1234F,Aarav Sharma,2025-26,B,,2026-06-22T05:19:36.147854
EE665465,C07C32F650EE497B,EXTRACT_SUCCESS,EMP02_PartA.pdf,ok,FGHIJ5678K,Priya Patel,2025-26,A,,2026-06-22T05:19:36.274645
8A2AD4DC,C07C32F650EE497B,EXTRACT_SUCCESS,EMP02_PartB.pdf,ok,FGHIJ5678K,Priya Patel,2025-26,B,,2026-06-22T05:19:36.366543
C736B39D,C07C32F650EE497B,EXTRACT_SUCCESS,EMP03_PartA.pdf,ok,KLMNO9012P,Amit Verma,2025-26,A,,2026-06-22T05:19:36.484478
80283B3C,C07C32F650EE497B,EXTRACT_SUCCESS,EMP03_PartB.pdf,ok,KLMNO9012P,Amit Verma,2025-26,B,,2026-06-22T05:19:36.565049
F375ECB0,C07C32F650EE497B,EXTRACT_SUCCESS,EMP04_PartA.pdf,ok,QRSTU3456V,Sneha Reddy,2025-26,A,,2026-06-22T05:19:36.645381
1072AE1B,C07C32F650EE497B,EXTRACT_SUCCESS,EMP04_PartB.pdf,ok,QRSTU3456V,Sneha Reddy,2025-26,B,,2026-06-22T05:19:36.731780
5EBAF685,C07C32F650EE497B,EXTRACT_SUCCESS,EMP05_PartA.pdf,ok,WXYZA7890B,Vikram Malhotra,2025-26,A,,2026-06-22T05:19:36.869177
4C20565A,C07C32F650EE497B,EXTRACT_SUCCESS,EMP05_PartB.pdf,ok,WXYZA7890B,Vikram Malhotra,2025-26,B,,2026-06-22T05:19:37.052556
5DFCC29F,C07C32F650EE497B,EXTRACT_SUCCESS,EMP06_PartA.pdf,ok,BCDEF1122G,Rohan Gupta,2025-26,A,,2026-06-22T05:19:37.255259
86C17415,C07C32F650EE497B,EXTRACT_SUCCESS,EMP07_PartB.pdf,ok,CDEFG3344H,Ananya Rao,2025-26,B,,2026-06-22T05:19:37.345795
42EAF03C,C07C32F650EE497B,DECRYPT_FAIL,EMP08_PartA.pdf,wrong_password,,,,,TAN did not match PDF password.,2026-06-22T05:19:37.407846
D9C01FEE,C07C32F650EE497B,DECRYPT_FAIL,EMP08_PartB.pdf,wrong_password,,,,,TAN did not match PDF password.,2026-06-22T05:19:37.471886
3B46BBFF,C07C32F650EE497B,UPLOAD_COMPLETE,,done,,,,,"total=14, decrypted=12, failed=2, extraction_errors=0",2026-06-22T05:19:37.504215
30C0D5FB,C07C32F650EE497B,MERGE_START,,started,,,,,ready_records=5,2026-06-22T05:20:02.092920
581BAE87,C07C32F650EE497B,MERGE_SUCCESS,ABCDE1234F_Form16.pdf,merged,ABCDE1234F,Aarav Sharma,2025-26,,pages=2,2026-06-22T05:20:02.133790
A8130354,C07C32F650EE497B,MERGE_SUCCESS,FGHIJ5678K_Form16.pdf,merged,FGHIJ5678K,Priya Patel,2025-26,,pages=2,2026-06-22T05:20:02.173431
58A90BA0,C07C32F650EE497B,MERGE_SUCCESS,KLMNO9012P_Form16.pdf,merged,KLMNO9012P,Amit Verma,2025-26,,pages=2,2026-06-22T05:20:02.330442
377ADD56,C07C32F650EE497B,MERGE_SUCCESS,QRSTU3456V_Form16.pdf,merged,QRSTU3456V,Sneha Reddy,2025-26,,pages=2,2026-06-22T05:20:02.422341
CC4F5098,C07C32F650EE497B,MERGE_SUCCESS,WXYZA7890B_Form16.pdf,merged,WXYZA7890B,Vikram Malhotra,2025-26,,pages=2,2026-06-22T05:20:02.498923
B52459C3,C07C32F650EE497B,MERGE_COMPLETE,,done,,,,,"ready=5, merged=5, failed=0, skipped=2",2026-06-22T05:20:02.601350
2026-06-22T10:50:41.816454,APPROVE,ABCDE1234F,Aarav Sharma,ABCDE1234F_Form16.pdf,hr001,2026-06-22T10:50:41.814361,,,,
2026-06-22T10:50:42.137316,APPROVE,FGHIJ5678K,Priya Patel,FGHIJ5678K_Form16.pdf,hr001,2026-06-22T10:50:42.135855,,,,
2026-06-22T10:50:42.413030,APPROVE,KLMNO9012P,Amit Verma,KLMNO9012P_Form16.pdf,hr001,2026-06-22T10:50:42.406722,,,,
2026-06-22T10:50:42.458887,APPROVE,QRSTU3456V,Sneha Reddy,QRSTU3456V_Form16.pdf,hr001,2026-06-22T10:50:42.456207,,,,
2026-06-22T10:50:42.756801,APPROVE,WXYZA7890B,Vikram Malhotra,WXYZA7890B_Form16.pdf,hr001,2026-06-22T10:50:42.752746,,,,
8EB72E52,E26B63FA12094C5A,UPLOAD_START,,started,,,,,,2026-06-22T05:43:39.615786
C5940D06,E26B63FA12094C5A,EXTRACT_SUCCESS,EMP01_PartA.pdf,ok,ABCDE1234F,Aarav Sharma,2025-26,A,,2026-06-22T05:43:53.169784
73B09B55,E26B63FA12094C5A,EXTRACT_SUCCESS,EMP01_PartB.pdf,ok,ABCDE1234F,Aarav Sharma,2025-26,B,,2026-06-22T05:43:53.251292
046C2F36,E26B63FA12094C5A,EXTRACT_SUCCESS,EMP02_PartA.pdf,ok,FGHIJ5678K,Priya Patel,2025-26,A,,2026-06-22T05:43:53.321507
EC8AFFF4,E26B63FA12094C5A,EXTRACT_SUCCESS,EMP02_PartB.pdf,ok,FGHIJ5678K,Priya Patel,2025-26,B,,2026-06-22T05:43:53.394643
64A72662,E26B63FA12094C5A,EXTRACT_SUCCESS,EMP03_PartA.pdf,ok,KLMNO9012P,Amit Verma,2025-26,A,,2026-06-22T05:43:53.474705
A2D8BFA4,E26B63FA12094C5A,EXTRACT_SUCCESS,EMP03_PartB.pdf,ok,KLMNO9012P,Amit Verma,2025-26,B,,2026-06-22T05:43:53.550083
6D2D79DC,E26B63FA12094C5A,EXTRACT_SUCCESS,EMP04_PartA.pdf,ok,QRSTU3456V,Sneha Reddy,2025-26,A,,2026-06-22T05:43:53.630707
8254204C,E26B63FA12094C5A,EXTRACT_SUCCESS,EMP04_PartB.pdf,ok,QRSTU3456V,Sneha Reddy,2025-26,B,,2026-06-22T05:43:53.728335
CF0E8B04,E26B63FA12094C5A,EXTRACT_SUCCESS,EMP05_PartA.pdf,ok,WXYZA7890B,Vikram Malhotra,2025-26,A,,2026-06-22T05:43:53.819836
FB5EF040,E26B63FA12094C5A,EXTRACT_SUCCESS,EMP05_PartB.pdf,ok,WXYZA7890B,Vikram Malhotra,2025-26,B,,2026-06-22T05:43:53.895960
C50911B7,E26B63FA12094C5A,EXTRACT_SUCCESS,EMP06_PartA.pdf,ok,BCDEF1122G,Rohan Gupta,2025-26,A,,2026-06-22T05:43:53.970629
6A5F0DD4,E26B63FA12094C5A,EXTRACT_SUCCESS,EMP07_PartB.pdf,ok,CDEFG3344H,Ananya Rao,2025-26,B,,2026-06-22T05:43:54.036404
23CB06F0,E26B63FA12094C5A,DECRYPT_FAIL,EMP08_PartA.pdf,wrong_password,,,,,TAN did not match PDF password.,2026-06-22T05:43:54.103373
60F15A92,E26B63FA12094C5A,DECRYPT_FAIL,EMP08_PartB.pdf,wrong_password,,,,,TAN did not match PDF password.,2026-06-22T05:43:54.422329
2B79A2C6,E26B63FA12094C5A,UPLOAD_COMPLETE,,done,,,,,"total=14, decrypted=12, failed=2, extraction_errors=0",2026-06-22T05:43:54.454590
63C4FA77,E26B63FA12094C5A,MERGE_START,,started,,,,,ready_records=5,2026-06-22T05:44:08.486580
9824F2B9,E26B63FA12094C5A,MERGE_SUCCESS,ABCDE1234F_Form16.pdf,merged,ABCDE1234F,Aarav Sharma,2025-26,,pages=2,2026-06-22T05:44:08.533537
B1356CCF,E26B63FA12094C5A,MERGE_SUCCESS,FGHIJ5678K_Form16.pdf,merged,FGHIJ5678K,Priya Patel,2025-26,,pages=2,2026-06-22T05:44:08.570297
AD065447,E26B63FA12094C5A,MERGE_SUCCESS,KLMNO9012P_Form16.pdf,merged,KLMNO9012P,Amit Verma,2025-26,,pages=2,2026-06-22T05:44:08.611941
CAED5B29,E26B63FA12094C5A,MERGE_SUCCESS,QRSTU3456V_Form16.pdf,merged,QRSTU3456V,Sneha Reddy,2025-26,,pages=2,2026-06-22T05:44:08.651503
E1C76CDA,E26B63FA12094C5A,MERGE_SUCCESS,WXYZA7890B_Form16.pdf,merged,WXYZA7890B,Vikram Malhotra,2025-26,,pages=2,2026-06-22T05:44:08.690096
9B43DF78,E26B63FA12094C5A,MERGE_COMPLETE,,done,,,,,"ready=5, merged=5, failed=0, skipped=2",2026-06-22T05:44:08.750720
0CE5ECC7,251E9E0AA4584FF2,UPLOAD_START,,started,,,,,,2026-06-22T06:53:23.483233
BC8C0FE8,251E9E0AA4584FF2,EXTRACT_SUCCESS,EMP01_PartA.pdf,ok,ABCDE1234F,Aarav Sharma,2025-26,A,,2026-06-22T06:53:49.539800
DAB060F8,251E9E0AA4584FF2,EXTRACT_SUCCESS,EMP01_PartB.pdf,ok,ABCDE1234F,Aarav Sharma,2025-26,B,,2026-06-22T06:53:49.678650
FFC4E73A,251E9E0AA4584FF2,EXTRACT_SUCCESS,EMP02_PartA.pdf,ok,FGHIJ5678K,Priya Patel,2025-26,A,,2026-06-22T06:53:49.942299
9146C835,251E9E0AA4584FF2,EXTRACT_SUCCESS,EMP02_PartB.pdf,ok,FGHIJ5678K,Priya Patel,2025-26,B,,2026-06-22T06:53:50.009343
820038BD,251E9E0AA4584FF2,EXTRACT_SUCCESS,EMP03_PartA.pdf,ok,KLMNO9012P,Amit Verma,2025-26,A,,2026-06-22T06:53:50.262285
2E86D8E7,251E9E0AA4584FF2,EXTRACT_SUCCESS,EMP03_PartB.pdf,ok,KLMNO9012P,Amit Verma,2025-26,B,,2026-06-22T06:53:50.330137
DE881926,251E9E0AA4584FF2,EXTRACT_SUCCESS,EMP04_PartA.pdf,ok,QRSTU3456V,Sneha Reddy,2025-26,A,,2026-06-22T06:53:50.409467
BB1F0122,251E9E0AA4584FF2,EXTRACT_SUCCESS,EMP04_PartB.pdf,ok,QRSTU3456V,Sneha Reddy,2025-26,B,,2026-06-22T06:53:50.482237
BC2BA49D,251E9E0AA4584FF2,EXTRACT_SUCCESS,EMP05_PartA.pdf,ok,WXYZA7890B,Vikram Malhotra,2025-26,A,,2026-06-22T06:53:50.550651
6D00CEAB,251E9E0AA4584FF2,EXTRACT_SUCCESS,EMP05_PartB.pdf,ok,WXYZA7890B,Vikram Malhotra,2025-26,B,,2026-06-22T06:53:50.645194
90AD7209,251E9E0AA4584FF2,EXTRACT_SUCCESS,EMP06_PartA.pdf,ok,BCDEF1122G,Rohan Gupta,2025-26,A,,2026-06-22T06:53:50.719610
0272B638,251E9E0AA4584FF2,EXTRACT_SUCCESS,EMP07_PartB.pdf,ok,CDEFG3344H,Ananya Rao,2025-26,B,,2026-06-22T06:53:50.788386
52A51E84,251E9E0AA4584FF2,DECRYPT_FAIL,EMP08_PartA.pdf,wrong_password,,,,,TAN did not match PDF password.,2026-06-22T06:53:50.866801
64E64472,251E9E0AA4584FF2,DECRYPT_FAIL,EMP08_PartB.pdf,wrong_password,,,,,TAN did not match PDF password.,2026-06-22T06:53:50.944342
BF24A27D,251E9E0AA4584FF2,UPLOAD_COMPLETE,,done,,,,,"total=14, decrypted=12, failed=2, extraction_errors=0",2026-06-22T06:53:50.981225
3DD95777,251E9E0AA4584FF2,MERGE_START,,started,,,,,ready_records=5,2026-06-22T06:54:05.940737
50544BDA,251E9E0AA4584FF2,MERGE_SUCCESS,ABCDE1234F_Form16.pdf,merged,ABCDE1234F,Aarav Sharma,2025-26,,pages=2,2026-06-22T06:54:05.979197
98F5557D,251E9E0AA4584FF2,MERGE_SUCCESS,FGHIJ5678K_Form16.pdf,merged,FGHIJ5678K,Priya Patel,2025-26,,pages=2,2026-06-22T06:54:06.015304
AB150FC3,251E9E0AA4584FF2,MERGE_SUCCESS,KLMNO9012P_Form16.pdf,merged,KLMNO9012P,Amit Verma,2025-26,,pages=2,2026-06-22T06:54:06.060012
B7CED5C0,251E9E0AA4584FF2,MERGE_SUCCESS,QRSTU3456V_Form16.pdf,merged,QRSTU3456V,Sneha Reddy,2025-26,,pages=2,2026-06-22T06:54:06.128449
90ABE43F,251E9E0AA4584FF2,MERGE_SUCCESS,WXYZA7890B_Form16.pdf,merged,WXYZA7890B,Vikram Malhotra,2025-26,,pages=2,2026-06-22T06:54:06.176256
BA263AD1,251E9E0AA4584FF2,MERGE_COMPLETE,,done,,,,,"ready=5, merged=5, failed=0, skipped=2",2026-06-22T06:54:06.215804
2026-06-22T12:24:25.108601,APPROVE,ABCDE1234F,Aarav Sharma,ABCDE1234F_Form16.pdf,hr001,2026-06-22T12:24:25.106607,,,,
2026-06-22T12:24:25.488846,APPROVE,FGHIJ5678K,Priya Patel,FGHIJ5678K_Form16.pdf,hr001,2026-06-22T12:24:25.354486,,,,
2026-06-22T12:24:25.505751,APPROVE,KLMNO9012P,Amit Verma,KLMNO9012P_Form16.pdf,hr001,2026-06-22T12:24:25.504084,,,,
2026-06-22T12:24:25.827580,APPROVE,QRSTU3456V,Sneha Reddy,QRSTU3456V_Form16.pdf,hr001,2026-06-22T12:24:25.824770,,,,
2026-06-22T12:24:26.093038,APPROVE,WXYZA7890B,Vikram Malhotra,WXYZA7890B_Form16.pdf,hr001,2026-06-22T12:24:26.089748,,,,
2026-06-22T12:24:45.750689,PUBLISH,ABCDE1234F,Aarav Sharma,ABCDE1234F_Form16.pdf,hr001,2026-06-22T12:24:45.681522,,,,
2026-06-22T12:24:46.067965,PUBLISH,FGHIJ5678K,Priya Patel,FGHIJ5678K_Form16.pdf,hr001,2026-06-22T12:24:46.065372,,,,
2026-06-22T12:24:46.323110,PUBLISH,KLMNO9012P,Amit Verma,KLMNO9012P_Form16.pdf,hr001,2026-06-22T12:24:46.320725,,,,
2026-06-22T12:24:46.390201,PUBLISH,QRSTU3456V,Sneha Reddy,QRSTU3456V_Form16.pdf,hr001,2026-06-22T12:24:46.387745,,,,
2026-06-22T12:24:47.114728,PUBLISH,WXYZA7890B,Vikram Malhotra,WXYZA7890B_Form16.pdf,hr001,2026-06-22T12:24:46.653682,,,,
6939E31D,6600BF239E204D1E,UPLOAD_START,,started,,,,,,2026-06-22T07:12:59.873051
F3675618,6600BF239E204D1E,EXTRACT_SUCCESS,EMP01_PartA.pdf,ok,ABCDE1234F,Aarav Sharma,2025-26,A,,2026-06-22T07:13:00.092153
F2147782,6600BF239E204D1E,EXTRACT_SUCCESS,EMP01_PartB.pdf,ok,ABCDE1234F,Aarav Sharma,2025-26,B,,2026-06-22T07:13:00.982267
61B1AB8B,6600BF239E204D1E,EXTRACT_SUCCESS,EMP02_PartA.pdf,ok,FGHIJ5678K,Priya Patel,2025-26,A,,2026-06-22T07:13:01.068350
F13FAD91,6600BF239E204D1E,EXTRACT_SUCCESS,EMP02_PartB.pdf,ok,FGHIJ5678K,Priya Patel,2025-26,B,,2026-06-22T07:13:01.167414
E44F53C4,6600BF239E204D1E,EXTRACT_SUCCESS,EMP03_PartA.pdf,ok,KLMNO9012P,Amit Verma,2025-26,A,,2026-06-22T07:13:01.390532
CB8196F2,6600BF239E204D1E,EXTRACT_SUCCESS,EMP03_PartB.pdf,ok,KLMNO9012P,Amit Verma,2025-26,B,,2026-06-22T07:13:01.467109
F22B7543,6600BF239E204D1E,EXTRACT_SUCCESS,EMP04_PartA.pdf,ok,QRSTU3456V,Sneha Reddy,2025-26,A,,2026-06-22T07:13:01.555013
D2C2829C,6600BF239E204D1E,EXTRACT_SUCCESS,EMP04_PartB.pdf,ok,QRSTU3456V,Sneha Reddy,2025-26,B,,2026-06-22T07:13:01.637674
95EF7A3E,6600BF239E204D1E,EXTRACT_SUCCESS,EMP05_PartA.pdf,ok,WXYZA7890B,Vikram Malhotra,2025-26,A,,2026-06-22T07:13:01.721923
D1A912A5,6600BF239E204D1E,EXTRACT_SUCCESS,EMP05_PartB.pdf,ok,WXYZA7890B,Vikram Malhotra,2025-26,B,,2026-06-22T07:13:01.800206
FE0248FB,6600BF239E204D1E,EXTRACT_SUCCESS,EMP06_PartA.pdf,ok,BCDEF1122G,Rohan Gupta,2025-26,A,,2026-06-22T07:13:01.885479
3C90AAB0,6600BF239E204D1E,EXTRACT_SUCCESS,EMP07_PartB.pdf,ok,CDEFG3344H,Ananya Rao,2025-26,B,,2026-06-22T07:13:02.083588
78FCF196,6600BF239E204D1E,DECRYPT_FAIL,EMP08_PartA.pdf,wrong_password,,,,,TAN did not match PDF password.,2026-06-22T07:13:02.150012
16B6D205,6600BF239E204D1E,DECRYPT_FAIL,EMP08_PartB.pdf,wrong_password,,,,,TAN did not match PDF password.,2026-06-22T07:13:02.955573
436349A5,6600BF239E204D1E,UPLOAD_COMPLETE,,done,,,,,"total=14, decrypted=12, failed=2, extraction_errors=0",2026-06-22T07:13:02.990549
39411E69,6600BF239E204D1E,MERGE_START,,started,,,,,ready_records=5,2026-06-22T07:13:11.159332
3648B7EC,6600BF239E204D1E,MERGE_SUCCESS,ABCDE1234F_Form16.pdf,merged,ABCDE1234F,Aarav Sharma,2025-26,,pages=2,2026-06-22T07:13:11.245871
B478AC76,6600BF239E204D1E,MERGE_SUCCESS,FGHIJ5678K_Form16.pdf,merged,FGHIJ5678K,Priya Patel,2025-26,,pages=2,2026-06-22T07:13:11.284773
F24A63F1,6600BF239E204D1E,MERGE_SUCCESS,KLMNO9012P_Form16.pdf,merged,KLMNO9012P,Amit Verma,2025-26,,pages=2,2026-06-22T07:13:11.362762
29E0A0F0,6600BF239E204D1E,MERGE_SUCCESS,QRSTU3456V_Form16.pdf,merged,QRSTU3456V,Sneha Reddy,2025-26,,pages=2,2026-06-22T07:13:11.400236
EA0C005E,6600BF239E204D1E,MERGE_SUCCESS,WXYZA7890B_Form16.pdf,merged,WXYZA7890B,Vikram Malhotra,2025-26,,pages=2,2026-06-22T07:13:11.440787
B6BA5181,6600BF239E204D1E,MERGE_COMPLETE,,done,,,,,"ready=5, merged=5, failed=0, skipped=2",2026-06-22T07:13:11.475698
2026-06-22T12:43:27.538039,APPROVE,ABCDE1234F,Aarav Sharma,ABCDE1234F_Form16.pdf,hr001,2026-06-22T12:43:27.534549,,,,
2026-06-22T12:43:27.796284,APPROVE,FGHIJ5678K,Priya Patel,FGHIJ5678K_Form16.pdf,hr001,2026-06-22T12:43:27.795177,,,,
2026-06-22T12:43:27.861321,APPROVE,KLMNO9012P,Amit Verma,KLMNO9012P_Form16.pdf,hr001,2026-06-22T12:43:27.858343,,,,
2026-06-22T12:43:28.116044,APPROVE,QRSTU3456V,Sneha Reddy,QRSTU3456V_Form16.pdf,hr001,2026-06-22T12:43:28.113804,,,,
2026-06-22T12:43:28.192353,APPROVE,WXYZA7890B,Vikram Malhotra,WXYZA7890B_Form16.pdf,hr001,2026-06-22T12:43:28.189427,,,,
2026-06-22T12:43:36.093991,PUBLISH,ABCDE1234F,Aarav Sharma,ABCDE1234F_Form16.pdf,hr001,2026-06-22T12:43:35.867652,,,,
2026-06-22T12:43:36.568047,PUBLISH,FGHIJ5678K,Priya Patel,FGHIJ5678K_Form16.pdf,hr001,2026-06-22T12:43:36.417610,,,,
2026-06-22T12:43:37.478371,PUBLISH,KLMNO9012P,Amit Verma,KLMNO9012P_Form16.pdf,hr001,2026-06-22T12:43:36.667132,,,,
2026-06-22T12:43:37.635955,PUBLISH,QRSTU3456V,Sneha Reddy,QRSTU3456V_Form16.pdf,hr001,2026-06-22T12:43:37.489068,,,,
2026-06-22T12:43:37.963183,PUBLISH,WXYZA7890B,Vikram Malhotra,WXYZA7890B_Form16.pdf,hr001,2026-06-22T12:43:37.954041,,,,
CA375DA3,CD51EC1CD3D54292,UPLOAD_START,,started,,,,,,2026-06-22T10:40:40.619387
9DF03F3F,CD51EC1CD3D54292,EXTRACT_SUCCESS,EMP01_PartA.pdf,ok,ABCDE1234F,Aarav Sharma,2025-26,A,,2026-06-22T10:41:04.623510
AE84A6D4,CD51EC1CD3D54292,EXTRACT_SUCCESS,EMP01_PartB.pdf,ok,ABCDE1234F,Aarav Sharma,2025-26,B,,2026-06-22T10:41:05.268887
2EA8BB49,CD51EC1CD3D54292,EXTRACT_SUCCESS,EMP02_PartA.pdf,ok,FGHIJ5678K,Priya Patel,2025-26,A,,2026-06-22T10:41:05.466745
272F0986,CD51EC1CD3D54292,EXTRACT_SUCCESS,EMP02_PartB.pdf,ok,FGHIJ5678K,Priya Patel,2025-26,B,,2026-06-22T10:41:05.887267
8F498E09,CD51EC1CD3D54292,EXTRACT_SUCCESS,EMP03_PartA.pdf,ok,KLMNO9012P,Amit Verma,2025-26,A,,2026-06-22T10:41:05.972929
6D7C9EC0,CD51EC1CD3D54292,EXTRACT_SUCCESS,EMP03_PartB.pdf,ok,KLMNO9012P,Amit Verma,2025-26,B,,2026-06-22T10:41:06.054904
0F79DEE6,CD51EC1CD3D54292,EXTRACT_SUCCESS,EMP04_PartA.pdf,ok,QRSTU3456V,Sneha Reddy,2025-26,A,,2026-06-22T10:41:06.135486
A94AABED,CD51EC1CD3D54292,EXTRACT_SUCCESS,EMP04_PartB.pdf,ok,QRSTU3456V,Sneha Reddy,2025-26,B,,2026-06-22T10:41:06.217976
69463CFE,CD51EC1CD3D54292,EXTRACT_SUCCESS,EMP05_PartA.pdf,ok,WXYZA7890B,Vikram Malhotra,2025-26,A,,2026-06-22T10:41:06.328771
F917372C,CD51EC1CD3D54292,EXTRACT_SUCCESS,EMP05_PartB.pdf,ok,WXYZA7890B,Vikram Malhotra,2025-26,B,,2026-06-22T10:41:06.454902
3B9B4CC0,CD51EC1CD3D54292,EXTRACT_SUCCESS,EMP06_PartA.pdf,ok,BCDEF1122G,Rohan Gupta,2025-26,A,,2026-06-22T10:41:06.542900
521B940B,CD51EC1CD3D54292,EXTRACT_SUCCESS,EMP07_PartB.pdf,ok,CDEFG3344H,Ananya Rao,2025-26,B,,2026-06-22T10:41:06.638743
D18E95A5,CD51EC1CD3D54292,DECRYPT_FAIL,EMP08_PartA.pdf,wrong_password,,,,,TAN did not match PDF password.,2026-06-22T10:41:06.726404
7D15FF6B,CD51EC1CD3D54292,DECRYPT_FAIL,EMP08_PartB.pdf,wrong_password,,,,,TAN did not match PDF password.,2026-06-22T10:41:07.064765
BD6E3CB0,CD51EC1CD3D54292,UPLOAD_COMPLETE,,done,,,,,"total=14, decrypted=12, failed=2, extraction_errors=0",2026-06-22T10:41:07.099098
AE41F6F4,CD51EC1CD3D54292,MERGE_START,,started,,,,,ready_records=5,2026-06-22T10:51:51.682837
81C57B42,CD51EC1CD3D54292,MERGE_SUCCESS,ABCDE1234F_Form16.pdf,merged,ABCDE1234F,Aarav Sharma,2025-26,,pages=2,2026-06-22T10:51:51.842538
92DDC57E,CD51EC1CD3D54292,MERGE_SUCCESS,FGHIJ5678K_Form16.pdf,merged,FGHIJ5678K,Priya Patel,2025-26,,pages=2,2026-06-22T10:51:51.882250
DD651905,CD51EC1CD3D54292,MERGE_SUCCESS,KLMNO9012P_Form16.pdf,merged,KLMNO9012P,Amit Verma,2025-26,,pages=2,2026-06-22T10:51:51.948109
E06CDFDD,CD51EC1CD3D54292,MERGE_SUCCESS,QRSTU3456V_Form16.pdf,merged,QRSTU3456V,Sneha Reddy,2025-26,,pages=2,2026-06-22T10:51:51.984332
30A56F43,CD51EC1CD3D54292,MERGE_SUCCESS,WXYZA7890B_Form16.pdf,merged,WXYZA7890B,Vikram Malhotra,2025-26,,pages=2,2026-06-22T10:51:52.033445
558EEF23,CD51EC1CD3D54292,MERGE_COMPLETE,,done,,,,,"ready=5, merged=5, failed=0, skipped=2",2026-06-22T10:51:52.067305
C523406A,3D2782346E7849D2,UPLOAD_START,,started,,,,,,2026-06-22T12:04:04.559355
BE09E808,3D2782346E7849D2,EXTRACT_SUCCESS,EMP01_PartA.pdf,ok,ABCDE1234F,Aarav Sharma,2025-26,A,,2026-06-22T12:04:26.068946
FC82377E,3D2782346E7849D2,EXTRACT_SUCCESS,EMP01_PartB.pdf,ok,ABCDE1234F,Aarav Sharma,2025-26,B,,2026-06-22T12:04:26.212280
D0BE6463,3D2782346E7849D2,EXTRACT_SUCCESS,EMP02_PartA.pdf,ok,FGHIJ5678K,Priya Patel,2025-26,A,,2026-06-22T12:04:26.284966
7B09FB11,3D2782346E7849D2,EXTRACT_SUCCESS,EMP02_PartB.pdf,ok,FGHIJ5678K,Priya Patel,2025-26,B,,2026-06-22T12:04:26.374692
E780F989,3D2782346E7849D2,EXTRACT_SUCCESS,EMP03_PartA.pdf,ok,KLMNO9012P,Amit Verma,2025-26,A,,2026-06-22T12:04:26.498042
E330B1EB,3D2782346E7849D2,EXTRACT_SUCCESS,EMP03_PartB.pdf,ok,KLMNO9012P,Amit Verma,2025-26,B,,2026-06-22T12:04:26.626541
673CF917,3D2782346E7849D2,EXTRACT_SUCCESS,EMP04_PartA.pdf,ok,QRSTU3456V,Sneha Reddy,2025-26,A,,2026-06-22T12:04:26.706438
12A2D75F,3D2782346E7849D2,EXTRACT_SUCCESS,EMP04_PartB.pdf,ok,QRSTU3456V,Sneha Reddy,2025-26,B,,2026-06-22T12:04:26.779093
D0F525CE,3D2782346E7849D2,EXTRACT_SUCCESS,EMP05_PartA.pdf,ok,WXYZA7890B,Vikram Malhotra,2025-26,A,,2026-06-22T12:04:26.878784
22C23819,3D2782346E7849D2,EXTRACT_SUCCESS,EMP05_PartB.pdf,ok,WXYZA7890B,Vikram Malhotra,2025-26,B,,2026-06-22T12:04:26.973724
5F1B6F45,3D2782346E7849D2,EXTRACT_SUCCESS,EMP06_PartA.pdf,ok,BCDEF1122G,Rohan Gupta,2025-26,A,,2026-06-22T12:04:27.045504
CD5D8FB1,3D2782346E7849D2,EXTRACT_SUCCESS,EMP07_PartB.pdf,ok,CDEFG3344H,Ananya Rao,2025-26,B,,2026-06-22T12:04:27.114406
CD435654,3D2782346E7849D2,DECRYPT_FAIL,EMP08_PartA.pdf,wrong_password,,,,,TAN did not match PDF password.,2026-06-22T12:04:27.191398
75E4F491,3D2782346E7849D2,DECRYPT_FAIL,EMP08_PartB.pdf,wrong_password,,,,,TAN did not match PDF password.,2026-06-22T12:04:27.319700
87BA3FF6,3D2782346E7849D2,UPLOAD_COMPLETE,,done,,,,,"total=14, decrypted=12, failed=2, extraction_errors=0",2026-06-22T12:04:27.358431
A57B64B7,3D2782346E7849D2,MERGE_START,,started,,,,,ready_records=5,2026-06-22T12:04:38.379750
24769B2C,3D2782346E7849D2,MERGE_SUCCESS,ABCDE1234F_Form16.pdf,merged,ABCDE1234F,Aarav Sharma,2025-26,,pages=2,2026-06-22T12:04:38.420413
5D86ED07,3D2782346E7849D2,MERGE_SUCCESS,FGHIJ5678K_Form16.pdf,merged,FGHIJ5678K,Priya Patel,2025-26,,pages=2,2026-06-22T12:04:38.462632
14092AEB,3D2782346E7849D2,MERGE_SUCCESS,KLMNO9012P_Form16.pdf,merged,KLMNO9012P,Amit Verma,2025-26,,pages=2,2026-06-22T12:04:38.506024
5E56C422,3D2782346E7849D2,MERGE_SUCCESS,QRSTU3456V_Form16.pdf,merged,QRSTU3456V,Sneha Reddy,2025-26,,pages=2,2026-06-22T12:04:38.547811
A3A1C32C,3D2782346E7849D2,MERGE_SUCCESS,WXYZA7890B_Form16.pdf,merged,WXYZA7890B,Vikram Malhotra,2025-26,,pages=2,2026-06-22T12:04:38.586362
E3CBA810,3D2782346E7849D2,MERGE_COMPLETE,,done,,,,,"ready=5, merged=5, failed=0, skipped=2",2026-06-22T12:04:38.635943
C909698E,280580728A28435A,UPLOAD_START,,started,,,,,,2026-06-22T17:41:00.077622
5DC7BF7B,280580728A28435A,DECRYPT_FAIL,EMP01_PartA.pdf,wrong_password,,,,,TAN did not match PDF password.,2026-06-22T17:41:13.767136
571719F8,280580728A28435A,DECRYPT_FAIL,EMP01_PartB.pdf,wrong_password,,,,,TAN did not match PDF password.,2026-06-22T17:41:13.934098
FA66C0F6,280580728A28435A,DECRYPT_FAIL,EMP02_PartA.pdf,wrong_password,,,,,TAN did not match PDF password.,2026-06-22T17:41:14.024249
70185474,280580728A28435A,DECRYPT_FAIL,EMP02_PartB.pdf,wrong_password,,,,,TAN did not match PDF password.,2026-06-22T17:41:14.101000
95026320,280580728A28435A,DECRYPT_FAIL,EMP03_PartA.pdf,wrong_password,,,,,TAN did not match PDF password.,2026-06-22T17:41:14.199715
579313D2,280580728A28435A,DECRYPT_FAIL,EMP03_PartB.pdf,wrong_password,,,,,TAN did not match PDF password.,2026-06-22T17:41:14.295278
C2478885,280580728A28435A,DECRYPT_FAIL,EMP04_PartA.pdf,wrong_password,,,,,TAN did not match PDF password.,2026-06-22T17:41:14.373521
ACBD7EEC,280580728A28435A,DECRYPT_FAIL,EMP04_PartB.pdf,wrong_password,,,,,TAN did not match PDF password.,2026-06-22T17:41:14.652811
39A0EC20,280580728A28435A,DECRYPT_FAIL,EMP05_PartA.pdf,wrong_password,,,,,TAN did not match PDF password.,2026-06-22T17:41:14.797348
3310DFAD,280580728A28435A,DECRYPT_FAIL,EMP05_PartB.pdf,wrong_password,,,,,TAN did not match PDF password.,2026-06-22T17:41:14.908260
7FD1D3AB,280580728A28435A,DECRYPT_FAIL,EMP06_PartA.pdf,wrong_password,,,,,TAN did not match PDF password.,2026-06-22T17:41:15.005174
226DFE33,280580728A28435A,DECRYPT_FAIL,EMP07_PartB.pdf,wrong_password,,,,,TAN did not match PDF password.,2026-06-22T17:41:15.127171
C602CEE2,280580728A28435A,DECRYPT_FAIL,EMP08_PartA.pdf,wrong_password,,,,,TAN did not match PDF password.,2026-06-22T17:41:15.223908
5DA26868,280580728A28435A,DECRYPT_FAIL,EMP08_PartB.pdf,wrong_password,,,,,TAN did not match PDF password.,2026-06-22T17:41:15.299084
08D74DBD,280580728A28435A,UPLOAD_COMPLETE,,done,,,,,"total=14, decrypted=0, failed=14, extraction_errors=0",2026-06-22T17:41:15.340719
88F340A3,14BB3318EF1D4CC6,UPLOAD_START,,started,,,,,,2026-06-22T17:42:57.308910
FDEDC508,14BB3318EF1D4CC6,EXTRACT_SUCCESS,EMP01_PartA.pdf,ok,ABCDE1234F,Aarav Sharma,2025-26,A,,2026-06-22T17:43:20.745005
0ABF1756,14BB3318EF1D4CC6,EXTRACT_SUCCESS,EMP01_PartB.pdf,ok,ABCDE1234F,Aarav Sharma,2025-26,B,,2026-06-22T17:43:20.870463
14087371,14BB3318EF1D4CC6,EXTRACT_SUCCESS,EMP02_PartA.pdf,ok,FGHIJ5678K,Priya Patel,2025-26,A,,2026-06-22T17:43:21.076020
8ED9387C,14BB3318EF1D4CC6,EXTRACT_SUCCESS,EMP02_PartB.pdf,ok,FGHIJ5678K,Priya Patel,2025-26,B,,2026-06-22T17:43:21.293819
071879F8,14BB3318EF1D4CC6,EXTRACT_SUCCESS,EMP03_PartA.pdf,ok,KLMNO9012P,Amit Verma,2025-26,A,,2026-06-22T17:43:21.774801
21BB83BF,14BB3318EF1D4CC6,EXTRACT_SUCCESS,EMP03_PartB.pdf,ok,KLMNO9012P,Amit Verma,2025-26,B,,2026-06-22T17:43:21.902626
65E49BC3,14BB3318EF1D4CC6,EXTRACT_SUCCESS,EMP04_PartA.pdf,ok,QRSTU3456V,Sneha Reddy,2025-26,A,,2026-06-22T17:43:22.029343
2DF3DA55,14BB3318EF1D4CC6,EXTRACT_SUCCESS,EMP04_PartB.pdf,ok,QRSTU3456V,Sneha Reddy,2025-26,B,,2026-06-22T17:43:22.144531
E5F8752A,14BB3318EF1D4CC6,EXTRACT_SUCCESS,EMP05_PartA.pdf,ok,WXYZA7890B,Vikram Malhotra,2025-26,A,,2026-06-22T17:43:22.354509
E77D3A9D,14BB3318EF1D4CC6,EXTRACT_SUCCESS,EMP05_PartB.pdf,ok,WXYZA7890B,Vikram Malhotra,2025-26,B,,2026-06-22T17:43:22.537457
AC628D25,14BB3318EF1D4CC6,EXTRACT_SUCCESS,EMP06_PartA.pdf,ok,BCDEF1122G,Rohan Gupta,2025-26,A,,2026-06-22T17:43:22.888479
95CC6458,14BB3318EF1D4CC6,EXTRACT_SUCCESS,EMP07_PartB.pdf,ok,CDEFG3344H,Ananya Rao,2025-26,B,,2026-06-22T17:43:23.127901
CC31E1EC,14BB3318EF1D4CC6,DECRYPT_FAIL,EMP08_PartA.pdf,wrong_password,,,,,TAN did not match PDF password.,2026-06-22T17:43:23.290677
DDCA50BE,14BB3318EF1D4CC6,DECRYPT_FAIL,EMP08_PartB.pdf,wrong_password,,,,,TAN did not match PDF password.,2026-06-22T17:43:23.483073
986FCF63,14BB3318EF1D4CC6,UPLOAD_COMPLETE,,done,,,,,"total=14, decrypted=12, failed=2, extraction_errors=0",2026-06-22T17:43:23.601295
45118E1E,14BB3318EF1D4CC6,MERGE_START,,started,,,,,ready_records=5,2026-06-22T17:43:34.396822
F82EE8F8,14BB3318EF1D4CC6,MERGE_SUCCESS,ABCDE1234F_Form16.pdf,merged,ABCDE1234F,Aarav Sharma,2025-26,,pages=2,2026-06-22T17:43:34.507058
EB18A40A,14BB3318EF1D4CC6,MERGE_SUCCESS,FGHIJ5678K_Form16.pdf,merged,FGHIJ5678K,Priya Patel,2025-26,,pages=2,2026-06-22T17:43:34.614149
98C1FA06,14BB3318EF1D4CC6,MERGE_SUCCESS,KLMNO9012P_Form16.pdf,merged,KLMNO9012P,Amit Verma,2025-26,,pages=2,2026-06-22T17:43:34.817450
F41E71DE,14BB3318EF1D4CC6,MERGE_SUCCESS,QRSTU3456V_Form16.pdf,merged,QRSTU3456V,Sneha Reddy,2025-26,,pages=2,2026-06-22T17:43:34.923473
5B110FFD,14BB3318EF1D4CC6,MERGE_SUCCESS,WXYZA7890B_Form16.pdf,merged,WXYZA7890B,Vikram Malhotra,2025-26,,pages=2,2026-06-22T17:43:35.030606
BC0EB9B1,14BB3318EF1D4CC6,MERGE_COMPLETE,,done,,,,,"ready=5, merged=5, failed=0, skipped=2",2026-06-22T17:43:35.150499
D96B8AAE,66DCF99D902E49D2,UPLOAD_START,,started,,,,,,2026-06-23T04:57:19.795753
E8A4AE8C,66DCF99D902E49D2,EXTRACT_SUCCESS,EMP01_PartA.pdf,ok,ABCDE1234F,Aarav Sharma,2025-26,A,,2026-06-23T04:57:34.849775
7D49BE9C,66DCF99D902E49D2,EXTRACT_SUCCESS,EMP01_PartB.pdf,ok,ABCDE1234F,Aarav Sharma,2025-26,B,,2026-06-23T04:57:34.958803
210D80A5,66DCF99D902E49D2,EXTRACT_SUCCESS,EMP02_PartA.pdf,ok,FGHIJ5678K,Priya Patel,2025-26,A,,2026-06-23T04:57:35.058876
7630EDFA,66DCF99D902E49D2,EXTRACT_SUCCESS,EMP02_PartB.pdf,ok,FGHIJ5678K,Priya Patel,2025-26,B,,2026-06-23T04:57:35.158850
71F51FD3,66DCF99D902E49D2,EXTRACT_SUCCESS,EMP03_PartA.pdf,ok,KLMNO9012P,Amit Verma,2025-26,A,,2026-06-23T04:57:35.264685
20A98EEF,66DCF99D902E49D2,EXTRACT_SUCCESS,EMP03_PartB.pdf,ok,KLMNO9012P,Amit Verma,2025-26,B,,2026-06-23T04:57:35.371274
BED3CAF3,66DCF99D902E49D2,EXTRACT_SUCCESS,EMP04_PartA.pdf,ok,QRSTU3456V,Sneha Reddy,2025-26,A,,2026-06-23T04:57:35.477716
4DCE39D2,66DCF99D902E49D2,EXTRACT_SUCCESS,EMP04_PartB.pdf,ok,QRSTU3456V,Sneha Reddy,2025-26,B,,2026-06-23T04:57:35.587749
FCD3CF73,66DCF99D902E49D2,EXTRACT_SUCCESS,EMP05_PartA.pdf,ok,WXYZA7890B,Vikram Malhotra,2025-26,A,,2026-06-23T04:57:35.689236
590593E6,66DCF99D902E49D2,EXTRACT_SUCCESS,EMP05_PartB.pdf,ok,WXYZA7890B,Vikram Malhotra,2025-26,B,,2026-06-23T04:57:35.790145
1F3184DA,66DCF99D902E49D2,EXTRACT_SUCCESS,EMP06_PartA.pdf,ok,BCDEF1122G,Rohan Gupta,2025-26,A,,2026-06-23T04:57:35.892684
37D8516E,66DCF99D902E49D2,EXTRACT_SUCCESS,EMP07_PartB.pdf,ok,CDEFG3344H,Ananya Rao,2025-26,B,,2026-06-23T04:57:36.009692
F7543C80,66DCF99D902E49D2,DECRYPT_FAIL,EMP08_PartA.pdf,wrong_password,,,,,TAN did not match PDF password.,2026-06-23T04:57:36.110580
8DF00FBA,66DCF99D902E49D2,DECRYPT_FAIL,EMP08_PartB.pdf,wrong_password,,,,,TAN did not match PDF password.,2026-06-23T04:57:36.215009
A39816A6,66DCF99D902E49D2,UPLOAD_COMPLETE,,done,,,,,"total=14, decrypted=12, failed=2, extraction_errors=0",2026-06-23T04:57:36.256380
1A6BDD2A,66DCF99D902E49D2,MERGE_START,,started,,,,,ready_records=5,2026-06-23T04:57:48.926542
685E049B,66DCF99D902E49D2,MERGE_SUCCESS,ABCDE1234F_Form16.pdf,merged,ABCDE1234F,Aarav Sharma,2025-26,,pages=2,2026-06-23T04:57:48.969591
91F28F8B,66DCF99D902E49D2,MERGE_SUCCESS,FGHIJ5678K_Form16.pdf,merged,FGHIJ5678K,Priya Patel,2025-26,,pages=2,2026-06-23T04:57:49.009130
FC6A3C30,66DCF99D902E49D2,MERGE_SUCCESS,KLMNO9012P_Form16.pdf,merged,KLMNO9012P,Amit Verma,2025-26,,pages=2,2026-06-23T04:57:49.050943
FFDA2E67,66DCF99D902E49D2,MERGE_SUCCESS,QRSTU3456V_Form16.pdf,merged,QRSTU3456V,Sneha Reddy,2025-26,,pages=2,2026-06-23T04:57:49.093765
3F69C648,66DCF99D902E49D2,MERGE_SUCCESS,WXYZA7890B_Form16.pdf,merged,WXYZA7890B,Vikram Malhotra,2025-26,,pages=2,2026-06-23T04:57:49.134847
2D832BF9,66DCF99D902E49D2,MERGE_COMPLETE,,done,,,,,"ready=5, merged=5, failed=0, skipped=2",2026-06-23T04:57:49.173064
2026-06-23T13:05:46.288036,APPROVE,ABCDE1234F,Aarav Sharma,ABCDE1234F_Form16.pdf,hr001,2026-06-23T13:05:46.237436,,,,
2026-06-23T13:06:00.310799,PUBLISH,ABCDE1234F,Aarav Sharma,ABCDE1234F_Form16.pdf,hr001,2026-06-23T13:06:00.212388,,,,
CC7C676B,39246247B80C4720,UPLOAD_START,,started,,,,,,2026-06-23T09:13:44.006963
85EFC625,39246247B80C4720,EXTRACT_SUCCESS,EMP01_PartA.pdf,ok,ABCDE1234F,Aarav Sharma,2025-26,A,,2026-06-23T09:14:00.396184
E11388A6,39246247B80C4720,EXTRACT_SUCCESS,EMP01_PartB.pdf,ok,ABCDE1234F,Aarav Sharma,2025-26,B,,2026-06-23T09:14:00.655044
58FF255E,39246247B80C4720,EXTRACT_SUCCESS,EMP02_PartA.pdf,ok,FGHIJ5678K,Priya Patel,2025-26,A,,2026-06-23T09:14:00.732377
5EFCBE66,39246247B80C4720,EXTRACT_SUCCESS,EMP02_PartB.pdf,ok,FGHIJ5678K,Priya Patel,2025-26,B,,2026-06-23T09:14:00.835978
66BFCDFC,39246247B80C4720,EXTRACT_SUCCESS,EMP03_PartA.pdf,ok,KLMNO9012P,Amit Verma,2025-26,A,,2026-06-23T09:14:00.914355
1DDD41B3,39246247B80C4720,EXTRACT_SUCCESS,EMP03_PartB.pdf,ok,KLMNO9012P,Amit Verma,2025-26,B,,2026-06-23T09:14:00.991276
4516FC22,39246247B80C4720,EXTRACT_SUCCESS,EMP04_PartA.pdf,ok,QRSTU3456V,Sneha Reddy,2025-26,A,,2026-06-23T09:14:01.063529
BF1ACAFA,39246247B80C4720,EXTRACT_SUCCESS,EMP04_PartB.pdf,ok,QRSTU3456V,Sneha Reddy,2025-26,B,,2026-06-23T09:14:01.371106
B166A271,39246247B80C4720,EXTRACT_SUCCESS,EMP05_PartA.pdf,ok,WXYZA7890B,Vikram Malhotra,2025-26,A,,2026-06-23T09:14:01.468897
C1AFB91A,39246247B80C4720,EXTRACT_SUCCESS,EMP05_PartB.pdf,ok,WXYZA7890B,Vikram Malhotra,2025-26,B,,2026-06-23T09:14:01.565158
E382D0D5,39246247B80C4720,EXTRACT_SUCCESS,EMP06_PartA.pdf,ok,BCDEF1122G,Rohan Gupta,2025-26,A,,2026-06-23T09:14:01.649240
F42FB87B,39246247B80C4720,EXTRACT_SUCCESS,EMP07_PartB.pdf,ok,CDEFG3344H,Ananya Rao,2025-26,B,,2026-06-23T09:14:01.754966
AF59F355,39246247B80C4720,DECRYPT_FAIL,EMP08_PartA.pdf,wrong_password,,,,,TAN did not match PDF password.,2026-06-23T09:14:01.828097
02945E2F,39246247B80C4720,DECRYPT_FAIL,EMP08_PartB.pdf,wrong_password,,,,,TAN did not match PDF password.,2026-06-23T09:14:01.913737
82355D39,39246247B80C4720,UPLOAD_COMPLETE,,done,,,,,"total=14, decrypted=12, failed=2, extraction_errors=0",2026-06-23T09:14:01.956542
E327930B,39246247B80C4720,MERGE_START,,started,,,,,ready_records=5,2026-06-23T09:14:39.375841
EC60461E,39246247B80C4720,MERGE_SUCCESS,ABCDE1234F_Form16.pdf,merged,ABCDE1234F,Aarav Sharma,2025-26,,pages=2,2026-06-23T09:14:39.422386
7E2F35EB,39246247B80C4720,MERGE_SUCCESS,FGHIJ5678K_Form16.pdf,merged,FGHIJ5678K,Priya Patel,2025-26,,pages=2,2026-06-23T09:14:39.461461
ED54E235,39246247B80C4720,MERGE_SUCCESS,KLMNO9012P_Form16.pdf,merged,KLMNO9012P,Amit Verma,2025-26,,pages=2,2026-06-23T09:14:39.507486
C81A6DB3,39246247B80C4720,MERGE_SUCCESS,QRSTU3456V_Form16.pdf,merged,QRSTU3456V,Sneha Reddy,2025-26,,pages=2,2026-06-23T09:14:39.549266
EB91125A,39246247B80C4720,MERGE_SUCCESS,WXYZA7890B_Form16.pdf,merged,WXYZA7890B,Vikram Malhotra,2025-26,,pages=2,2026-06-23T09:14:39.590848
A896B8C0,39246247B80C4720,MERGE_COMPLETE,,done,,,,,"ready=5, merged=5, failed=0, skipped=2",2026-06-23T09:14:39.627803
2026-06-23T14:45:05.742021,APPROVE,ABCDE1234F,Aarav Sharma,ABCDE1234F_Form16.pdf,hr001,2026-06-23T14:45:05.740388,,,,
2026-06-23T14:45:14.386451,PUBLISH,ABCDE1234F,Aarav Sharma,ABCDE1234F_Form16.pdf,hr001,2026-06-23T14:45:14.047723,,,,
C8A5813A,D9FEAB71BB034E75,UPLOAD_START,,started,,,,,,2026-06-23T09:23:38.001463
7BC44F1A,D9FEAB71BB034E75,EXTRACT_SUCCESS,EMP01_PartA.pdf,ok,ABCDE1234F,Aarav Sharma,2025-26,A,,2026-06-23T09:23:38.309480
BAA7D435,D9FEAB71BB034E75,EXTRACT_SUCCESS,EMP01_PartB.pdf,ok,ABCDE1234F,Aarav Sharma,2025-26,B,,2026-06-23T09:23:38.387853
CE0FA34B,D9FEAB71BB034E75,EXTRACT_SUCCESS,EMP02_PartA.pdf,ok,FGHIJ5678K,Priya Patel,2025-26,A,,2026-06-23T09:23:38.464185
E055F3A7,D9FEAB71BB034E75,EXTRACT_SUCCESS,EMP02_PartB.pdf,ok,FGHIJ5678K,Priya Patel,2025-26,B,,2026-06-23T09:23:38.543404
73FF7BC7,D9FEAB71BB034E75,EXTRACT_SUCCESS,EMP03_PartA.pdf,ok,KLMNO9012P,Amit Verma,2025-26,A,,2026-06-23T09:23:38.626878
09E0237E,D9FEAB71BB034E75,EXTRACT_SUCCESS,EMP03_PartB.pdf,ok,KLMNO9012P,Amit Verma,2025-26,B,,2026-06-23T09:23:38.708547
39B9B218,D9FEAB71BB034E75,EXTRACT_SUCCESS,EMP04_PartA.pdf,ok,QRSTU3456V,Sneha Reddy,2025-26,A,,2026-06-23T09:23:38.781349
D7B2277A,D9FEAB71BB034E75,EXTRACT_SUCCESS,EMP04_PartB.pdf,ok,QRSTU3456V,Sneha Reddy,2025-26,B,,2026-06-23T09:23:38.968136
B6E5EEC2,D9FEAB71BB034E75,EXTRACT_SUCCESS,EMP05_PartA.pdf,ok,WXYZA7890B,Vikram Malhotra,2025-26,A,,2026-06-23T09:23:39.105718
499F6802,D9FEAB71BB034E75,EXTRACT_SUCCESS,EMP05_PartB.pdf,ok,WXYZA7890B,Vikram Malhotra,2025-26,B,,2026-06-23T09:23:39.181361
C0DED9F8,D9FEAB71BB034E75,EXTRACT_SUCCESS,EMP06_PartA.pdf,ok,BCDEF1122G,Rohan Gupta,2025-26,A,,2026-06-23T09:23:39.275203
1974DF03,D9FEAB71BB034E75,EXTRACT_SUCCESS,EMP07_PartB.pdf,ok,CDEFG3344H,Ananya Rao,2025-26,B,,2026-06-23T09:23:39.365310
CDBB31FE,D9FEAB71BB034E75,DECRYPT_FAIL,EMP08_PartA.pdf,wrong_password,,,,,TAN did not match PDF password.,2026-06-23T09:23:39.454983
D7A1278E,D9FEAB71BB034E75,DECRYPT_FAIL,EMP08_PartB.pdf,wrong_password,,,,,TAN did not match PDF password.,2026-06-23T09:23:39.795713
1CAD0086,D9FEAB71BB034E75,UPLOAD_COMPLETE,,done,,,,,"total=14, decrypted=12, failed=2, extraction_errors=0",2026-06-23T09:23:39.844797
6C45BAA3,D9FEAB71BB034E75,MERGE_START,,started,,,,,ready_records=5,2026-06-23T09:23:50.735583
05CB9729,D9FEAB71BB034E75,MERGE_SUCCESS,ABCDE1234F_Form16.pdf,merged,ABCDE1234F,Aarav Sharma,2025-26,,pages=2,2026-06-23T09:23:50.798676
B31EDB8B,D9FEAB71BB034E75,MERGE_SUCCESS,FGHIJ5678K_Form16.pdf,merged,FGHIJ5678K,Priya Patel,2025-26,,pages=2,2026-06-23T09:23:50.897740
09E25CAC,D9FEAB71BB034E75,MERGE_SUCCESS,KLMNO9012P_Form16.pdf,merged,KLMNO9012P,Amit Verma,2025-26,,pages=2,2026-06-23T09:23:50.949732
5C28984B,D9FEAB71BB034E75,MERGE_SUCCESS,QRSTU3456V_Form16.pdf,merged,QRSTU3456V,Sneha Reddy,2025-26,,pages=2,2026-06-23T09:23:50.993623
0FE0BA55,D9FEAB71BB034E75,MERGE_SUCCESS,WXYZA7890B_Form16.pdf,merged,WXYZA7890B,Vikram Malhotra,2025-26,,pages=2,2026-06-23T09:23:51.041971
6AB0A3A4,D9FEAB71BB034E75,MERGE_COMPLETE,,done,,,,,"ready=5, merged=5, failed=0, skipped=2",2026-06-23T09:23:51.194203
2026-06-23T14:54:41.884976,APPROVE,ABCDE1234F,Aarav Sharma,ABCDE1234F_Form16.pdf,hr001,2026-06-23T14:54:41.882566,,,,
2026-06-23T14:54:46.953291,PUBLISH,ABCDE1234F,Aarav Sharma,ABCDE1234F_Form16.pdf,hr001,2026-06-23T14:54:46.947179,,,,
4ABC0B91,645D8E0214EA4418,UPLOAD_START,,started,,,,,,2026-06-23T09:47:44.035584
96F35A0E,645D8E0214EA4418,EXTRACT_SUCCESS,EMP01_PartA.pdf,ok,ABCDE1234F,Aarav Sharma,2025-26,A,,2026-06-23T09:47:54.643016
C712B631,645D8E0214EA4418,EXTRACT_SUCCESS,EMP01_PartB.pdf,ok,ABCDE1234F,Aarav Sharma,2025-26,B,,2026-06-23T09:47:54.832508
FB08BC62,645D8E0214EA4418,EXTRACT_SUCCESS,EMP02_PartA.pdf,ok,FGHIJ5678K,Priya Patel,2025-26,A,,2026-06-23T09:47:55.033810
FE7E2418,645D8E0214EA4418,EXTRACT_SUCCESS,EMP02_PartB.pdf,ok,FGHIJ5678K,Priya Patel,2025-26,B,,2026-06-23T09:47:55.479215
3F77F403,645D8E0214EA4418,EXTRACT_SUCCESS,EMP03_PartA.pdf,ok,KLMNO9012P,Amit Verma,2025-26,A,,2026-06-23T09:47:55.677855
5A2512AA,645D8E0214EA4418,EXTRACT_SUCCESS,EMP03_PartB.pdf,ok,KLMNO9012P,Amit Verma,2025-26,B,,2026-06-23T09:47:55.768905
AF207D64,645D8E0214EA4418,EXTRACT_SUCCESS,EMP04_PartA.pdf,ok,QRSTU3456V,Sneha Reddy,2025-26,A,,2026-06-23T09:47:56.062048
99DAE991,645D8E0214EA4418,EXTRACT_SUCCESS,EMP04_PartB.pdf,ok,QRSTU3456V,Sneha Reddy,2025-26,B,,2026-06-23T09:47:56.242375
3226D183,645D8E0214EA4418,EXTRACT_SUCCESS,EMP05_PartA.pdf,ok,WXYZA7890B,Vikram Malhotra,2025-26,A,,2026-06-23T09:47:56.316213
0F180E8E,645D8E0214EA4418,EXTRACT_SUCCESS,EMP05_PartB.pdf,ok,WXYZA7890B,Vikram Malhotra,2025-26,B,,2026-06-23T09:47:56.558176
913217E5,645D8E0214EA4418,EXTRACT_SUCCESS,EMP06_PartA.pdf,ok,BCDEF1122G,Rohan Gupta,2025-26,A,,2026-06-23T09:47:56.697238
35D038D6,645D8E0214EA4418,EXTRACT_SUCCESS,EMP07_PartB.pdf,ok,CDEFG3344H,Ananya Rao,2025-26,B,,2026-06-23T09:47:56.773674
93A81B98,645D8E0214EA4418,DECRYPT_FAIL,EMP08_PartA.pdf,wrong_password,,,,,TAN did not match PDF password.,2026-06-23T09:47:56.859807
4F6F6FE7,645D8E0214EA4418,DECRYPT_FAIL,EMP08_PartB.pdf,wrong_password,,,,,TAN did not match PDF password.,2026-06-23T09:47:56.928526
EFF23F39,645D8E0214EA4418,UPLOAD_COMPLETE,,done,,,,,"total=14, decrypted=12, failed=2, extraction_errors=0",2026-06-23T09:47:56.965811
0A69C3F7,645D8E0214EA4418,MERGE_START,,started,,,,,ready_records=5,2026-06-23T09:48:14.877220
9A1D758D,645D8E0214EA4418,MERGE_SUCCESS,ABCDE1234F_Form16.pdf,merged,ABCDE1234F,Aarav Sharma,2025-26,,pages=2,2026-06-23T09:48:14.927516
A16D1240,645D8E0214EA4418,MERGE_SUCCESS,FGHIJ5678K_Form16.pdf,merged,FGHIJ5678K,Priya Patel,2025-26,,pages=2,2026-06-23T09:48:14.971040
B207C95C,645D8E0214EA4418,MERGE_SUCCESS,KLMNO9012P_Form16.pdf,merged,KLMNO9012P,Amit Verma,2025-26,,pages=2,2026-06-23T09:48:15.013600
94EBC5E0,645D8E0214EA4418,MERGE_SUCCESS,QRSTU3456V_Form16.pdf,merged,QRSTU3456V,Sneha Reddy,2025-26,,pages=2,2026-06-23T09:48:15.055042
E02847B1,645D8E0214EA4418,MERGE_SUCCESS,WXYZA7890B_Form16.pdf,merged,WXYZA7890B,Vikram Malhotra,2025-26,,pages=2,2026-06-23T09:48:15.095277
389F9A04,645D8E0214EA4418,MERGE_COMPLETE,,done,,,,,"ready=5, merged=5, failed=0, skipped=2",2026-06-23T09:48:15.168198
2026-06-23T15:18:59.552839,APPROVE,ABCDE1234F,Aarav Sharma,ABCDE1234F_Form16.pdf,hr001,2026-06-23T15:18:59.551152,,,,
2026-06-23T15:19:04.256672,PUBLISH,ABCDE1234F,Aarav Sharma,ABCDE1234F_Form16.pdf,hr001,2026-06-23T15:19:04.205160,,,,
97347DF6,77F295AE10CF4DFF,UPLOAD_START,,started,,,,,,2026-06-23T10:18:42.657737
DF79CC80,77F295AE10CF4DFF,EXTRACT_SUCCESS,EMP01_PartA.pdf,ok,ABCDE1234F,Aarav Sharma,2025-26,A,,2026-06-23T10:18:44.536800
EA4347A9,77F295AE10CF4DFF,EXTRACT_SUCCESS,EMP01_PartB.pdf,ok,ABCDE1234F,Aarav Sharma,2025-26,B,,2026-06-23T10:18:47.265874
0A1D3C15,77F295AE10CF4DFF,EXTRACT_SUCCESS,EMP02_PartA.pdf,ok,FGHIJ5678K,Priya Patel,2025-26,A,,2026-06-23T10:18:47.968609
75A64F1F,77F295AE10CF4DFF,EXTRACT_SUCCESS,EMP02_PartB.pdf,ok,FGHIJ5678K,Priya Patel,2025-26,B,,2026-06-23T10:18:48.045283
108BCF3A,77F295AE10CF4DFF,EXTRACT_SUCCESS,EMP03_PartA.pdf,ok,KLMNO9012P,Amit Verma,2025-26,A,,2026-06-23T10:18:48.200884
BDC5D2E8,77F295AE10CF4DFF,EXTRACT_SUCCESS,EMP03_PartB.pdf,ok,KLMNO9012P,Amit Verma,2025-26,B,,2026-06-23T10:18:48.275049
A6D1F688,77F295AE10CF4DFF,EXTRACT_SUCCESS,EMP04_PartA.pdf,ok,QRSTU3456V,Sneha Reddy,2025-26,A,,2026-06-23T10:18:48.353267
58AE215B,77F295AE10CF4DFF,EXTRACT_SUCCESS,EMP04_PartB.pdf,ok,QRSTU3456V,Sneha Reddy,2025-26,B,,2026-06-23T10:18:48.439353
25F80B74,77F295AE10CF4DFF,EXTRACT_SUCCESS,EMP05_PartA.pdf,ok,WXYZA7890B,Vikram Malhotra,2025-26,A,,2026-06-23T10:18:48.660050
F0523C85,77F295AE10CF4DFF,EXTRACT_SUCCESS,EMP05_PartB.pdf,ok,WXYZA7890B,Vikram Malhotra,2025-26,B,,2026-06-23T10:18:48.912681
12E74D4F,77F295AE10CF4DFF,EXTRACT_SUCCESS,EMP06_PartA.pdf,ok,BCDEF1122G,Rohan Gupta,2025-26,A,,2026-06-23T10:18:49.017974
F6FDC49E,77F295AE10CF4DFF,EXTRACT_SUCCESS,EMP07_PartB.pdf,ok,CDEFG3344H,Ananya Rao,2025-26,B,,2026-06-23T10:18:49.097029
215151C7,77F295AE10CF4DFF,UPLOAD_COMPLETE,,done,,,,,"total=12, decrypted=12, failed=0, extraction_errors=0",2026-06-23T10:18:49.169357
FC3E8A85,77F295AE10CF4DFF,MERGE_START,,started,,,,,ready_records=5,2026-06-23T10:19:05.121042
040BAD8B,77F295AE10CF4DFF,MERGE_SUCCESS,ABCDE1234F_Form16.pdf,merged,ABCDE1234F,Aarav Sharma,2025-26,,pages=2,2026-06-23T10:19:05.171137
63573EEE,77F295AE10CF4DFF,MERGE_SUCCESS,FGHIJ5678K_Form16.pdf,merged,FGHIJ5678K,Priya Patel,2025-26,,pages=2,2026-06-23T10:19:05.823070
CD20AE02,77F295AE10CF4DFF,MERGE_SUCCESS,KLMNO9012P_Form16.pdf,merged,KLMNO9012P,Amit Verma,2025-26,,pages=2,2026-06-23T10:19:06.123228
C8194451,77F295AE10CF4DFF,MERGE_SUCCESS,QRSTU3456V_Form16.pdf,merged,QRSTU3456V,Sneha Reddy,2025-26,,pages=2,2026-06-23T10:19:06.188970
50B84D97,77F295AE10CF4DFF,MERGE_SUCCESS,WXYZA7890B_Form16.pdf,merged,WXYZA7890B,Vikram Malhotra,2025-26,,pages=2,2026-06-23T10:19:06.240709
C3FEBB5F,77F295AE10CF4DFF,MERGE_COMPLETE,,done,,,,,"ready=5, merged=5, failed=0, skipped=2",2026-06-23T10:19:06.306380
DC02B821,77F295AE10CF4DFF,UPLOAD_START,,started,,,,,,2026-06-23T10:21:55.470636
C6FA645C,77F295AE10CF4DFF,EXTRACT_SUCCESS,EMP01_PartA.pdf,ok,ABCDE1234F,Aarav Sharma,2025-26,A,,2026-06-23T10:21:55.666400
3173AD80,77F295AE10CF4DFF,EXTRACT_SUCCESS,EMP01_PartB.pdf,ok,ABCDE1234F,Aarav Sharma,2025-26,B,,2026-06-23T10:21:55.754197
BAC2CD51,77F295AE10CF4DFF,EXTRACT_SUCCESS,EMP02_PartA.pdf,ok,FGHIJ5678K,Priya Patel,2025-26,A,,2026-06-23T10:21:55.912783
A07986C3,77F295AE10CF4DFF,EXTRACT_SUCCESS,EMP02_PartB.pdf,ok,FGHIJ5678K,Priya Patel,2025-26,B,,2026-06-23T10:21:55.995128
31D88D4C,77F295AE10CF4DFF,EXTRACT_SUCCESS,EMP03_PartA.pdf,ok,KLMNO9012P,Amit Verma,2025-26,A,,2026-06-23T10:21:56.097989
813038A4,77F295AE10CF4DFF,EXTRACT_SUCCESS,EMP03_PartB.pdf,ok,KLMNO9012P,Amit Verma,2025-26,B,,2026-06-23T10:21:56.218413
8D2BDD71,77F295AE10CF4DFF,EXTRACT_SUCCESS,EMP04_PartA.pdf,ok,QRSTU3456V,Sneha Reddy,2025-26,A,,2026-06-23T10:21:56.301290
215053F4,77F295AE10CF4DFF,EXTRACT_SUCCESS,EMP04_PartB.pdf,ok,QRSTU3456V,Sneha Reddy,2025-26,B,,2026-06-23T10:21:56.383754
7DFD4042,77F295AE10CF4DFF,EXTRACT_SUCCESS,EMP05_PartA.pdf,ok,WXYZA7890B,Vikram Malhotra,2025-26,A,,2026-06-23T10:21:56.462945
2F7BD443,77F295AE10CF4DFF,EXTRACT_SUCCESS,EMP05_PartB.pdf,ok,WXYZA7890B,Vikram Malhotra,2025-26,B,,2026-06-23T10:21:56.557032
009F090B,77F295AE10CF4DFF,EXTRACT_SUCCESS,EMP06_PartA.pdf,ok,BCDEF1122G,Rohan Gupta,2025-26,A,,2026-06-23T10:21:56.654274
4A535F4D,77F295AE10CF4DFF,EXTRACT_SUCCESS,EMP07_PartB.pdf,ok,CDEFG3344H,Ananya Rao,2025-26,B,,2026-06-23T10:21:56.729841
81224034,77F295AE10CF4DFF,DECRYPT_FAIL,EMP08_PartA.pdf,wrong_password,,,,,TAN did not match PDF password.,2026-06-23T10:21:56.831208
189165E6,77F295AE10CF4DFF,DECRYPT_FAIL,EMP08_PartB.pdf,wrong_password,,,,,TAN did not match PDF password.,2026-06-23T10:21:56.920438
5EA46C7F,77F295AE10CF4DFF,UPLOAD_COMPLETE,,done,,,,,"total=14, decrypted=12, failed=2, extraction_errors=0",2026-06-23T10:21:56.967244
2026-06-23T15:53:33.165018,APPROVE,ABCDE1234F,Aarav Sharma,ABCDE1234F_Form16.pdf,hr001,2026-06-23T15:53:33.161477,,,,
2026-06-23T15:53:37.430908,PUBLISH,ABCDE1234F,Aarav Sharma,ABCDE1234F_Form16.pdf,hr001,2026-06-23T15:53:37.339272,,,,
3742F019,68CD6CA46DAE4ED6,UPLOAD_START,,started,,,,,,2026-06-23T10:30:46.530268
C4C5D881,68CD6CA46DAE4ED6,EXTRACT_SUCCESS,EMP01_PartA.pdf,ok,ABCDE1234F,Aarav Sharma,2025-26,A,,2026-06-23T10:30:47.286977
AD04FFA9,68CD6CA46DAE4ED6,EXTRACT_SUCCESS,EMP01_PartB.pdf,ok,ABCDE1234F,Aarav Sharma,2025-26,B,,2026-06-23T10:30:47.376391
56D07977,68CD6CA46DAE4ED6,EXTRACT_SUCCESS,EMP02_PartA.pdf,ok,FGHIJ5678K,Priya Patel,2025-26,A,,2026-06-23T10:30:48.107568
34C3FC70,68CD6CA46DAE4ED6,EXTRACT_SUCCESS,EMP02_PartB.pdf,ok,FGHIJ5678K,Priya Patel,2025-26,B,,2026-06-23T10:30:48.487555
0FDE0CCB,68CD6CA46DAE4ED6,EXTRACT_SUCCESS,EMP03_PartA.pdf,ok,KLMNO9012P,Amit Verma,2025-26,A,,2026-06-23T10:30:48.570350
0E5055B8,68CD6CA46DAE4ED6,EXTRACT_SUCCESS,EMP03_PartB.pdf,ok,KLMNO9012P,Amit Verma,2025-26,B,,2026-06-23T10:30:48.665663
0BAC7AF7,68CD6CA46DAE4ED6,EXTRACT_SUCCESS,EMP04_PartA.pdf,ok,QRSTU3456V,Sneha Reddy,2025-26,A,,2026-06-23T10:30:48.748197
E8BEEFDA,68CD6CA46DAE4ED6,EXTRACT_SUCCESS,EMP04_PartB.pdf,ok,QRSTU3456V,Sneha Reddy,2025-26,B,,2026-06-23T10:30:48.887185
2A2DA39E,68CD6CA46DAE4ED6,EXTRACT_SUCCESS,EMP05_PartA.pdf,ok,WXYZA7890B,Vikram Malhotra,2025-26,A,,2026-06-23T10:30:48.964881
AE1BB804,68CD6CA46DAE4ED6,EXTRACT_SUCCESS,EMP05_PartB.pdf,ok,WXYZA7890B,Vikram Malhotra,2025-26,B,,2026-06-23T10:30:49.066086
B8A1550C,68CD6CA46DAE4ED6,EXTRACT_SUCCESS,EMP06_PartA.pdf,ok,BCDEF1122G,Rohan Gupta,2025-26,A,,2026-06-23T10:30:49.143673
08356A5E,68CD6CA46DAE4ED6,EXTRACT_SUCCESS,EMP07_PartB.pdf,ok,CDEFG3344H,Ananya Rao,2025-26,B,,2026-06-23T10:30:49.219644
BAD22B1E,68CD6CA46DAE4ED6,DECRYPT_FAIL,EMP08_PartA.pdf,wrong_password,,,,,TAN did not match PDF password.,2026-06-23T10:30:49.291334
75E16E0F,68CD6CA46DAE4ED6,DECRYPT_FAIL,EMP08_PartB.pdf,wrong_password,,,,,TAN did not match PDF password.,2026-06-23T10:30:49.366111
4CECC434,68CD6CA46DAE4ED6,UPLOAD_COMPLETE,,done,,,,,"total=14, decrypted=12, failed=2, extraction_errors=0",2026-06-23T10:30:49.410050
10E6BD45,68CD6CA46DAE4ED6,MERGE_START,,started,,,,,ready_records=5,2026-06-23T10:31:03.366259
271DAA5D,68CD6CA46DAE4ED6,MERGE_SUCCESS,ABCDE1234F_Form16.pdf,merged,ABCDE1234F,Aarav Sharma,2025-26,,pages=2,2026-06-23T10:31:03.420958
59D0B1B8,68CD6CA46DAE4ED6,MERGE_SUCCESS,FGHIJ5678K_Form16.pdf,merged,FGHIJ5678K,Priya Patel,2025-26,,pages=2,2026-06-23T10:31:03.600623
FA14547D,68CD6CA46DAE4ED6,MERGE_SUCCESS,KLMNO9012P_Form16.pdf,merged,KLMNO9012P,Amit Verma,2025-26,,pages=2,2026-06-23T10:31:03.655101
508B1EA8,68CD6CA46DAE4ED6,MERGE_SUCCESS,QRSTU3456V_Form16.pdf,merged,QRSTU3456V,Sneha Reddy,2025-26,,pages=2,2026-06-23T10:31:03.734740
B81D648E,68CD6CA46DAE4ED6,MERGE_SUCCESS,WXYZA7890B_Form16.pdf,merged,WXYZA7890B,Vikram Malhotra,2025-26,,pages=2,2026-06-23T10:31:03.776559
AD1707D1,68CD6CA46DAE4ED6,MERGE_COMPLETE,,done,,,,,"ready=5, merged=5, failed=0, skipped=2",2026-06-23T10:31:03.817018
2026-06-23T16:01:28.144970,APPROVE,ABCDE1234F,Aarav Sharma,ABCDE1234F_Form16.pdf,hr001,2026-06-23T16:01:28.143192
2026-06-23T16:01:33.094652,PUBLISH,ABCDE1234F,Aarav Sharma,ABCDE1234F_Form16.pdf,hr001,2026-06-23T16:01:32.902322
